一	1
丁	1
七	1
万	1
丈	1
三	1
上	1
下	1
不	1
与	1
且	1
世	1
丘	1
丙	1
両	1
並	1
中	1
串	1
丸	1
丹	1
主	1
丼	1
久	1
乏	1
乗	1
乙	1
九	1
乞	1
乱	1
乳	1
乾	1
亀	1
了	1
予	1
争	1
事	1
二	1
互	1
五	1
井	1
亜	1
亡	1
交	1
享	1
京	1
亭	1
人	1
仁	1
今	1
介	1
仏	1
仕	1
他	1
付	1
仙	1
代	1
令	1
以	1
仮	1
仰	1
仲	1
件	1
任	1
企	1
伎	1
伏	1
伐	1
休	1
会	1
伝	1
伯	1
伴	1
伸	1
伺	1
似	1
但	1
位	1
低	1
住	1
佐	1
体	1
何	1
余	1
作	1
佳	1
併	1
使	1
例	1
侍	1
供	1
依	1
価	1
侮	1
侯	1
侵	1
侶	1
便	1
係	1
促	1
俊	1
俗	1
保	1
信	1
修	1
俳	1
俵	1
俸	1
俺	1
倉	1
個	1
倍	1
倒	1
候	1
借	1
倣	1
値	1
倫	1
倹	1
偉	1
偏	1
停	1
健	1
側	1
偵	1
偶	1
偽	1
傍	1
傑	1
傘	1
備	1
催	1
傲	1
債	1
傷	1
傾	1
僅	1
働	1
像	1
僕	1
僚	1
僧	1
儀	1
億	1
儒	1
償	1
優	1
元	1
兄	1
充	1
兆	1
先	1
光	1
克	1
免	1
児	1
党	1
入	1
全	1
八	1
公	1
六	1
共	1
兵	1
具	1
典	1
兼	1
内	1
円	1
冊	1
再	1
冒	1
冗	1
写	1
冠	1
冥	1
冬	1
冶	1
冷	1
凄	1
准	1
凍	1
凝	1
凡	1
処	1
凶	1
凸	1
凹	1
出	1
刀	1
刃	1
分	1
切	1
刈	1
刊	1
刑	1
列	1
初	1
判	1
別	1
利	1
到	1
制	1
刷	1
券	1
刹	1
刺	1
刻	1
則	1
削	1
前	1
剖	1
剛	1
剝	1
剣	1
剤	1
剥	1
副	1
剰	1
割	1
創	1
劇	1
力	1
功	1
加	1
劣	1
助	1
努	1
励	1
労	1
効	1
劾	1
勃	1
勅	1
勇	1
勉	1
動	1
勘	1
務	1
勝	1
募	1
勢	1
勤	1
勧	1
勲	1
勾	1
匂	1
包	1
化	1
北	1
匠	1
匹	1
区	1
医	1
匿	1
十	1
千	1
升	1
午	1
半	1
卑	1
卒	1
卓	1
協	1
南	1
単	1
博	1
占	1
印	1
危	1
即	1
却	1
卵	1
卸	1
厄	1
厘	1
厚	1
原	1
厳	1
去	1
参	1
又	1
及	1
友	1
双	1
反	1
収	1
叔	1
取	1
受	1
叙	1
口	1
古	1
句	1
叫	1
召	1
可	1
台	1
叱	1
史	1
右	1
号	1
司	1
各	1
合	1
吉	1
同	1
名	1
后	1
吏	1
吐	1
向	1
君	1
吟	1
否	1
含	1
吸	1
吹	1
呂	1
呈	1
呉	1
告	1
周	1
呪	1
味	1
呼	1
命	1
和	1
咲	1
咽	1
哀	1
品	1
員	1
哲	1
哺	1
唄	1
唆	1
唇	1
唐	1
唯	1
唱	1
唾	1
商	1
問	1
啓	1
善	1
喉	1
喚	1
喜	1
喝	1
喩	1
喪	1
喫	1
営	1
嗅	1
嗣	1
嘆	1
嘱	1
嘲	1
器	1
噴	1
嚇	1
囚	1
四	1
回	1
因	1
団	1
困	1
囲	1
図	1
固	1
国	1
圏	1
園	1
土	1
圧	1
在	1
地	1
坂	1
均	1
坊	1
坑	1
坪	1
垂	1
型	1
垣	1
埋	1
城	1
域	1
執	1
培	1
基	1
埼	1
堀	1
堂	1
堅	1
堆	1
堕	1
堤	1
堪	1
報	1
場	1
塀	1
塁	1
塊	1
塑	1
塔	1
塗	1
塚	1
塞	1
塡	1
塩	1
填	1
塾	1
境	1
墓	1
増	1
墜	1
墨	1
墳	1
墾	1
壁	1
壇	1
壊	1
壌	1
士	1
壮	1
声	1
壱	1
売	1
変	1
夏	1
夕	1
外	1
多	1
夜	1
夢	1
大	1
天	1
太	1
夫	1
央	1
失	1
奇	1
奈	1
奉	1
奏	1
契	1
奔	1
奥	1
奨	1
奪	1
奮	1
女	1
奴	1
好	1
如	1
妃	1
妄	1
妊	1
妖	1
妙	1
妥	1
妨	1
妬	1
妹	1
妻	1
姉	1
始	1
姓	1
委	1
姫	1
姻	1
姿	1
威	1
娘	1
娠	1
娯	1
婆	1
婚	1
婦	1
婿	1
媒	1
媛	1
嫁	1
嫉	1
嫌	1
嫡	1
嬢	1
子	1
孔	1
字	1
存	1
孝	1
季	1
孤	1
学	1
孫	1
宅	1
宇	1
守	1
安	1
完	1
宗	1
官	1
宙	1
定	1
宛	1
宜	1
宝	1
実	1
客	1
宣	1
室	1
宮	1
宰	1
害	1
宴	1
宵	1
家	1
容	1
宿	1
寂	1
寄	1
密	1
富	1
寒	1
寛	1
寝	1
察	1
寡	1
寧	1
審	1
寮	1
寸	1
寺	1
対	1
寿	1
封	1
専	1
射	1
将	1
尉	1
尊	1
尋	1
導	1
小	1
少	1
尚	1
就	1
尺	1
尻	1
尼	1
尽	1
尾	1
尿	1
局	1
居	1
屈	1
届	1
屋	1
展	1
属	1
層	1
履	1
屯	1
山	1
岐	1
岡	1
岩	1
岬	1
岳	1
岸	1
峠	1
峡	1
峰	1
島	1
崇	1
崎	1
崖	1
崩	1
嵐	1
川	1
州	1
巡	1
巣	1
工	1
左	1
巧	1
巨	1
差	1
己	1
巻	1
巾	1
市	1
布	1
帆	1
希	1
帝	1
帥	1
師	1
席	1
帯	1
帰	1
帳	1
常	1
帽	1
幅	1
幕	1
幣	1
干	1
平	1
年	1
幸	1
幹	1
幻	1
幼	1
幽	1
幾	1
庁	1
広	1
床	1
序	1
底	1
店	1
府	1
度	1
座	1
庫	1
庭	1
庶	1
康	1
庸	1
廃	1
廉	1
廊	1
延	1
廷	1
建	1
弁	1
弄	1
弊	1
式	1
弐	1
弓	1
弔	1
引	1
弟	1
弥	1
弦	1
弧	1
弱	1
張	1
強	1
弾	1
当	1
彙	1
形	1
彩	1
彫	1
彰	1
影	1
役	1
彼	1
往	1
征	1
径	1
待	1
律	1
後	1
徐	1
徒	1
従	1
得	1
御	1
復	1
循	1
微	1
徳	1
徴	1
徹	1
心	1
必	1
忌	1
忍	1
志	1
忘	1
忙	1
応	1
忠	1
快	1
念	1
怒	1
怖	1
思	1
怠	1
急	1
性	1
怨	1
怪	1
恋	1
恐	1
恒	1
恣	1
恥	1
恨	1
恩	1
恭	1
息	1
恵	1
悔	1
悟	1
悠	1
患	1
悦	1
悩	1
悪	1
悲	1
悼	1
情	1
惑	1
惜	1
惧	1
惨	1
惰	1
想	1
愁	1
愉	1
意	1
愚	1
愛	1
感	1
慄	1
慈	1
態	1
慌	1
慎	1
慕	1
慢	1
慣	1
慨	1
慮	1
慰	1
慶	1
憂	1
憎	1
憤	1
憧	1
憩	1
憬	1
憲	1
憶	1
憾	1
懇	1
懐	1
懲	1
懸	1
成	1
我	1
戒	1
戚	1
戦	1
戯	1
戴	1
戸	1
戻	1
房	1
所	1
扇	1
扉	1
手	1
才	1
打	1
払	1
扱	1
扶	1
批	1
承	1
技	1
抄	1
把	1
抑	1
投	1
抗	1
折	1
抜	1
択	1
披	1
抱	1
抵	1
抹	1
押	1
抽	1
担	1
拉	1
拍	1
拐	1
拒	1
拓	1
拘	1
拙	1
招	1
拝	1
拠	1
拡	1
括	1
拭	1
拳	1
拶	1
拷	1
拾	1
持	1
指	1
挑	1
挙	1
挟	1
挨	1
挫	1
振	1
挿	1
捉	1
捕	1
捗	1
捜	1
捨	1
据	1
捻	1
掃	1
授	1
掌	1
排	1
掘	1
掛	1
採	1
探	1
接	1
控	1
推	1
措	1
掲	1
描	1
提	1
揚	1
換	1
握	1
揮	1
援	1
揺	1
損	1
搬	1
搭	1
携	1
搾	1
摂	1
摘	1
摩	1
摯	1
撃	1
撤	1
撮	1
撲	1
擁	1
操	1
擦	1
擬	1
支	1
改	1
攻	1
放	1
政	1
故	1
敏	1
救	1
敗	1
教	1
敢	1
散	1
敬	1
数	1
整	1
敵	1
敷	1
文	1
斉	1
斎	1
斑	1
斗	1
料	1
斜	1
斤	1
斥	1
斬	1
断	1
新	1
方	1
施	1
旅	1
旋	1
族	1
旗	1
既	1
日	1
旦	1
旧	1
旨	1
早	1
旬	1
旺	1
昆	1
昇	1
明	1
易	1
昔	1
星	1
映	1
春	1
昧	1
昨	1
昭	1
是	1
昼	1
時	1
晩	1
普	1
景	1
晴	1
晶	1
暁	1
暇	1
暑	1
暖	1
暗	1
暦	1
暫	1
暮	1
暴	1
曇	1
曖	1
曜	1
曲	1
更	1
書	1
曹	1
曽	1
替	1
最	1
月	1
有	1
服	1
朕	1
朗	1
望	1
朝	1
期	1
木	1
未	1
末	1
本	1
札	1
朱	1
朴	1
机	1
朽	1
杉	1
材	1
村	1
束	1
条	1
来	1
杯	1
東	1
松	1
板	1
析	1
枕	1
林	1
枚	1
果	1
枝	1
枠	1
枢	1
枯	1
架	1
柄	1
某	1
染	1
柔	1
柱	1
柳	1
柵	1
査	1
柿	1
栃	1
栄	1
栓	1
校	1
株	1
核	1
根	1
格	1
栽	1
桁	1
桃	1
案	1
桑	1
桜	1
桟	1
梅	1
梗	1
梨	1
械	1
棄	1
棋	1
棒	1
棚	1
棟	1
森	1
棺	1
椅	1
植	1
椎	1
検	1
業	1
極	1
楷	1
楼	1
楽	1
概	1
構	1
様	1
槽	1
標	1
模	1
権	1
横	1
樹	1
橋	1
機	1
欄	1
欠	1
次	1
欧	1
欲	1
欺	1
款	1
歌	1
歓	1
止	1
正	1
武	1
歩	1
歯	1
歳	1
歴	1
死	1
殉	1
殊	1
残	1
殖	1
殴	1
段	1
殺	1
殻	1
殿	1
毀	1
母	1
毎	1
毒	1
比	1
毛	1
氏	1
民	1
気	1
水	1
氷	1
永	1
氾	1
汁	1
求	1
汎	1
汗	1
汚	1
江	1
池	1
汰	1
決	1
汽	1
沃	1
沈	1
沖	1
沙	1
没	1
沢	1
河	1
沸	1
油	1
治	1
沼	1
沿	1
況	1
泉	1
泊	1
泌	1
法	1
泡	1
波	1
泣	1
泥	1
注	1
泰	1
泳	1
洋	1
洗	1
洞	1
津	1
洪	1
活	1
派	1
流	1
浄	1
浅	1
浜	1
浦	1
浪	1
浮	1
浴	1
海	1
浸	1
消	1
涙	1
涯	1
液	1
涼	1
淑	1
淡	1
淫	1
深	1
混	1
添	1
清	1
渇	1
済	1
渉	1
渋	1
渓	1
減	1
渡	1
渦	1
温	1
測	1
港	1
湖	1
湧	1
湯	1
湾	1
湿	1
満	1
源	1
準	1
溝	1
溶	1
溺	1
滅	1
滋	1
滑	1
滝	1
滞	1
滴	1
漁	1
漂	1
漆	1
漏	1
演	1
漠	1
漢	1
漫	1
漬	1
漸	1
潔	1
潜	1
潟	1
潤	1
潮	1
潰	1
澄	1
激	1
濁	1
濃	1
濫	1
濯	1
瀬	1
火	1
灯	1
灰	1
災	1
炉	1
炊	1
炎	1
炭	1
点	1
為	1
烈	1
無	1
焦	1
然	1
焼	1
煎	1
煙	1
照	1
煩	1
煮	1
熊	1
熟	1
熱	1
燃	1
燥	1
爆	1
爪	1
爵	1
父	1
爽	1
片	1
版	1
牙	1
牛	1
牧	1
物	1
牲	1
特	1
犠	1
犬	1
犯	1
状	1
狂	1
狙	1
狩	1
独	1
狭	1
猛	1
猟	1
猫	1
献	1
猶	1
猿	1
獄	1
獣	1
獲	1
玄	1
率	1
玉	1
王	1
玩	1
珍	1
珠	1
班	1
現	1
球	1
理	1
琴	1
瑠	1
璃	1
璧	1
環	1
璽	1
瓦	1
瓶	1
甘	1
甚	1
生	1
産	1
用	1
田	1
由	1
甲	1
申	1
男	1
町	1
画	1
界	1
畏	1
畑	1
畔	1
留	1
畜	1
畝	1
略	1
番	1
異	1
畳	1
畿	1
疎	1
疑	1
疫	1
疲	1
疾	1
病	1
症	1
痕	1
痘	1
痛	1
痢	1
痩	1
痴	1
瘍	1
療	1
癒	1
癖	1
発	1
登	1
白	1
百	1
的	1
皆	1
皇	1
皮	1
皿	1
盆	1
益	1
盗	1
盛	1
盟	1
監	1
盤	1
目	1
盲	1
直	1
相	1
盾	1
省	1
眉	1
看	1
県	1
真	1
眠	1
眺	1
眼	1
着	1
睡	1
督	1
睦	1
瞬	1
瞭	1
瞳	1
矛	1
矢	1
知	1
短	1
矯	1
石	1
砂	1
研	1
砕	1
砲	1
破	1
硝	1
硫	1
硬	1
碁	1
碑	1
確	1
磁	1
磨	1
礁	1
礎	1
示	1
礼	1
社	1
祈	1
祉	1
祖	1
祝	1
神	1
祥	1
票	1
祭	1
禁	1
禅	1
禍	1
福	1
秀	1
私	1
秋	1
科	1
秒	1
秘	1
租	1
秩	1
称	1
移	1
程	1
税	1
稚	1
種	1
稲	1
稼	1
稽	1
稿	1
穀	1
穂	1
積	1
穏	1
穫	1
穴	1
究	1
空	1
突	1
窃	1
窒	1
窓	1
窟	1
窮	1
窯	1
立	1
竜	1
章	1
童	1
端	1
競	1
竹	1
笑	1
笛	1
符	1
第	1
筆	1
等	1
筋	1
筒	1
答	1
策	1
箇	1
箋	1
算	1
管	1
箱	1
箸	1
節	1
範	1
築	1
篤	1
簡	1
簿	1
籍	1
籠	1
米	1
粉	1
粋	1
粒	1
粗	1
粘	1
粛	1
粧	1
精	1
糖	1
糧	1
糸	1
系	1
糾	1
紀	1
約	1
紅	1
紋	1
納	1
純	1
紙	1
級	1
紛	1
素	1
紡	1
索	1
紫	1
累	1
細	1
紳	1
紹	1
紺	1
終	1
組	1
経	1
結	1
絞	1
絡	1
給	1
統	1
絵	1
絶	1
絹	1
継	1
続	1
維	1
綱	1
網	1
綻	1
綿	1
緊	1
総	1
緑	1
緒	1
線	1
締	1
編	1
緩	1
緯	1
練	1
緻	1
縁	1
縄	1
縛	1
縦	1
縫	1
縮	1
績	1
繁	1
繊	1
織	1
繕	1
繭	1
繰	1
缶	1
罪	1
置	1
罰	1
署	1
罵	1
罷	1
羅	1
羊	1
美	1
羞	1
群	1
羨	1
義	1
羽	1
翁	1
翌	1
習	1
翻	1
翼	1
老	1
考	1
者	1
耐	1
耕	1
耗	1
耳	1
聖	1
聞	1
聴	1
職	1
肉	1
肌	1
肖	1
肘	1
肝	1
股	1
肢	1
肥	1
肩	1
肪	1
肯	1
育	1
肺	1
胃	1
胆	1
背	1
胎	1
胞	1
胴	1
胸	1
能	1
脂	1
脅	1
脇	1
脈	1
脊	1
脚	1
脱	1
脳	1
腎	1
腐	1
腕	1
腫	1
腰	1
腸	1
腹	1
腺	1
膚	1
膜	1
膝	1
膨	1
膳	1
臆	1
臓	1
臣	1
臨	1
自	1
臭	1
至	1
致	1
臼	1
興	1
舌	1
舎	1
舗	1
舞	1
舟	1
航	1
般	1
舶	1
舷	1
船	1
艇	1
艦	1
良	1
色	1
艶	1
芋	1
芝	1
芯	1
花	1
芳	1
芸	1
芽	1
苗	1
苛	1
若	1
苦	1
英	1
茂	1
茎	1
茨	1
茶	1
草	1
荒	1
荘	1
荷	1
菊	1
菌	1
菓	1
菜	1
華	1
萎	1
落	1
葉	1
著	1
葛	1
葬	1
蒸	1
蓄	1
蓋	1
蔑	1
蔵	1
蔽	1
薄	1
薦	1
薪	1
薫	1
薬	1
藍	1
藤	1
藩	1
藻	1
虎	1
虐	1
虚	1
虜	1
虞	1
虫	1
虹	1
蚊	1
蚕	1
蛇	1
蛍	1
蛮	1
蜂	1
蜜	1
融	1
血	1
衆	1
行	1
術	1
街	1
衛	1
衝	1
衡	1
衣	1
表	1
衰	1
衷	1
袋	1
袖	1
被	1
裁	1
裂	1
装	1
裏	1
裕	1
補	1
裸	1
製	1
裾	1
複	1
褐	1
褒	1
襟	1
襲	1
西	1
要	1
覆	1
覇	1
見	1
規	1
視	1
覚	1
覧	1
親	1
観	1
角	1
解	1
触	1
言	1
訂	1
訃	1
計	1
討	1
訓	1
託	1
記	1
訟	1
訪	1
設	1
許	1
訳	1
訴	1
診	1
証	1
詐	1
詔	1
評	1
詞	1
詠	1
詣	1
試	1
詩	1
詮	1
詰	1
話	1
該	1
詳	1
誇	1
誉	1
誌	1
認	1
誓	1
誕	1
誘	1
語	1
誠	1
誤	1
説	1
読	1
誰	1
課	1
調	1
談	1
請	1
論	1
諦	1
諧	1
諭	1
諮	1
諸	1
諾	1
謀	1
謁	1
謄	1
謎	1
謙	1
講	1
謝	1
謡	1
謹	1
識	1
譜	1
警	1
議	1
譲	1
護	1
谷	1
豆	1
豊	1
豚	1
象	1
豪	1
貌	1
貝	1
貞	1
負	1
財	1
貢	1
貧	1
貨	1
販	1
貪	1
貫	1
責	1
貯	1
貴	1
買	1
貸	1
費	1
貼	1
貿	1
賀	1
賂	1
賃	1
賄	1
資	1
賊	1
賓	1
賛	1
賜	1
賞	1
賠	1
賢	1
賦	1
質	1
賭	1
購	1
贈	1
赤	1
赦	1
走	1
赴	1
起	1
超	1
越	1
趣	1
足	1
距	1
跡	1
路	1
跳	1
践	1
踊	1
踏	1
踪	1
蹴	1
躍	1
身	1
車	1
軌	1
軍	1
軒	1
軟	1
転	1
軸	1
軽	1
較	1
載	1
輝	1
輩	1
輪	1
輸	1
轄	1
辛	1
辞	1
辣	1
辱	1
農	1
辺	1
込	1
迅	1
迎	1
近	1
返	1
迫	1
迭	1
述	1
迷	1
追	1
退	1
送	1
逃	1
逆	1
透	1
逐	1
逓	1
途	1
通	1
逝	1
速	1
造	1
連	1
逮	1
週	1
進	1
逸	1
遂	1
遅	1
遇	1
遊	1
運	1
遍	1
過	1
道	1
達	1
違	1
遜	1
遠	1
遡	1
遣	1
適	1
遭	1
遮	1
遵	1
遷	1
選	1
遺	1
避	1
還	1
那	1
邦	1
邪	1
邸	1
郊	1
郎	1
郡	1
部	1
郭	1
郵	1
郷	1
都	1
酌	1
配	1
酎	1
酒	1
酔	1
酢	1
酪	1
酬	1
酵	1
酷	1
酸	1
醒	1
醜	1
醸	1
采	1
釈	1
里	1
重	1
野	1
量	1
金	1
釜	1
針	1
釣	1
鈍	1
鈴	1
鉄	1
鉛	1
鉢	1
鉱	1
銀	1
銃	1
銅	1
銘	1
銭	1
鋭	1
鋳	1
鋼	1
錠	1
錦	1
錬	1
錮	1
錯	1
録	1
鍋	1
鍛	1
鍵	1
鎌	1
鎖	1
鎮	1
鏡	1
鐘	1
鑑	1
長	1
門	1
閉	1
開	1
閑	1
間	1
関	1
閣	1
閥	1
閲	1
闇	1
闘	1
阜	1
阪	1
防	1
阻	1
附	1
降	1
限	1
陛	1
院	1
陣	1
除	1
陥	1
陪	1
陰	1
陳	1
陵	1
陶	1
陸	1
険	1
陽	1
隅	1
隆	1
隊	1
階	1
随	1
隔	1
隙	1
際	1
障	1
隠	1
隣	1
隷	1
隻	1
雄	1
雅	1
集	1
雇	1
雌	1
雑	1
離	1
難	1
雨	1
雪	1
雰	1
雲	1
零	1
雷	1
電	1
需	1
震	1
霊	1
霜	1
霧	1
露	1
青	1
静	1
非	1
面	1
革	1
靴	1
韓	1
音	1
韻	1
響	1
頂	1
頃	1
項	1
順	1
須	1
預	1
頑	1
頒	1
頓	1
領	1
頬	1
頭	1
頰	1
頻	1
頼	1
題	1
額	1
顎	1
顔	1
顕	1
願	1
類	1
顧	1
風	1
飛	1
食	1
飢	1
飯	1
飲	1
飼	1
飽	1
飾	1
餅	1
養	1
餌	1
餓	1
館	1
首	1
香	1
馬	1
駄	1
駅	1
駆	1
駐	1
駒	1
騎	1
騒	1
験	1
騰	1
驚	1
骨	1
骸	1
髄	1
高	1
髪	1
鬱	1
鬼	1
魂	1
魅	1
魔	1
魚	1
鮮	1
鯨	1
鳥	1
鳴	1
鶏	1
鶴	1
鹿	1
麓	1
麗	1
麦	1
麺	1
麻	1
黄	1
黒	1
黙	1
鼓	1
鼻	1
齢	1
𠮟	1
丑	2
丞	2
乃	2
之	2
乎	2
乘	2
也	2
云	2
亘	2
亙	2
些	2
亞	2
亥	2
亦	2
亨	2
亮	2
仔	2
伊	2
伍	2
伶	2
伽	2
佃	2
佑	2
佛	2
侃	2
來	2
侑	2
俄	2
俐	2
俠	2
俣	2
俱	2
倖	2
倦	2
倭	2
偲	2
傭	2
傳	2
僞	2
價	2
儉	2
儲	2
允	2
兎	2
兒	2
兜	2
其	2
冨	2
冴	2
凉	2
凌	2
凛	2
凜	2
凧	2
凪	2
凰	2
凱	2
函	2
剩	2
劉	2
劍	2
劫	2
勁	2
勳	2
勺	2
勿	2
匁	2
匡	2
卜	2
卯	2
卷	2
卽	2
卿	2
厨	2
厩	2
叉	2
叡	2
叢	2
只	2
叶	2
吞	2
吻	2
吾	2
哉	2
哨	2
哩	2
啄	2
喋	2
喧	2
喬	2
單	2
喰	2
嘉	2
嘗	2
嘩	2
噂	2
噌	2
嚴	2
圃	2
圈	2
國	2
圓	2
團	2
圭	2
坐	2
坦	2
埜	2
埴	2
堯	2
堰	2
堵	2
堺	2
塙	2
增	2
壕	2
壘	2
壞	2
壬	2
壯	2
壽	2
夷	2
奄	2
奎	2
套	2
奧	2
奬	2
姥	2
姪	2
娃	2
娩	2
嬉	2
孃	2
孜	2
孟	2
宋	2
宏	2
宕	2
宥	2
寅	2
寓	2
寢	2
實	2
寬	2
寵	2
將	2
專	2
尖	2
尤	2
尭	2
屑	2
峨	2
峯	2
峻	2
峽	2
崚	2
嵩	2
嵯	2
嶋	2
嶺	2
巌	2
巖	2
巢	2
巫	2
已	2
巳	2
巴	2
巷	2
巽	2
帖	2
帶	2
幌	2
幡	2
庄	2
庇	2
庚	2
庵	2
廟	2
廣	2
廳	2
廻	2
廿	2
弘	2
弛	2
彈	2
彌	2
彗	2
彦	2
彪	2
彬	2
從	2
徠	2
徵	2
德	2
徽	2
忽	2
怜	2
恆	2
恕	2
恢	2
恰	2
悉	2
悌	2
惇	2
惚	2
惟	2
惠	2
惡	2
惣	2
惹	2
惺	2
愼	2
慧	2
憐	2
應	2
懷	2
戊	2
或	2
戟	2
戰	2
戲	2
托	2
拂	2
拔	2
拜	2
按	2
挺	2
挽	2
捧	2
捲	2
捷	2
捺	2
掠	2
掬	2
揃	2
揭	2
搖	2
搜	2
摑	2
摺	2
撒	2
撞	2
撫	2
播	2
撰	2
擊	2
擢	2
攝	2
收	2
敍	2
敦	2
斐	2
斡	2
斧	2
斯	2
於	2
旭	2
昂	2
昊	2
昌	2
昏	2
昴	2
晃	2
晄	2
晋	2
晏	2
晒	2
晚	2
晝	2
晟	2
晦	2
晨	2
智	2
暉	2
暢	2
曆	2
曉	2
曙	2
曝	2
曳	2
曾	2
朋	2
朔	2
李	2
杏	2
杖	2
杜	2
杭	2
杵	2
杷	2
枇	2
柊	2
柏	2
柑	2
柘	2
柚	2
柴	2
柾	2
栖	2
栗	2
栞	2
桂	2
桐	2
桔	2
桧	2
桶	2
梁	2
梓	2
梛	2
條	2
梢	2
梧	2
梯	2
梶	2
棲	2
椀	2
椋	2
椛	2
椰	2
椿	2
楊	2
楓	2
楕	2
楚	2
楠	2
楢	2
楯	2
榊	2
榎	2
榛	2
榮	2
槇	2
槌	2
槍	2
槙	2
槻	2
樂	2
樋	2
樟	2
樣	2
樫	2
樺	2
樽	2
橘	2
橙	2
橫	2
檀	2
檎	2
檜	2
檢	2
櫂	2
櫓	2
櫛	2
櫻	2
欣	2
欽	2
歎	2
此	2
步	2
歷	2
殆	2
毅	2
每	2
毘	2
毬	2
氣	2
汀	2
汐	2
汝	2
汲	2
沌	2
沓	2
沫	2
洛	2
洲	2
洵	2
洸	2
浩	2
浬	2
涉	2
淀	2
淋	2
淚	2
淨	2
淳	2
淵	2
渚	2
渥	2
渴	2
渾	2
湊	2
湘	2
湛	2
溜	2
溢	2
溫	2
滉	2
滯	2
漕	2
漣	2
漱	2
澁	2
澪	2
濕	2
濡	2
瀕	2
瀧	2
瀨	2
灘	2
灸	2
灼	2
烏	2
焚	2
焰	2
煉	2
煌	2
煤	2
熙	2
燈	2
燎	2
燒	2
燕	2
燦	2
燭	2
燿	2
爭	2
爲	2
爾	2
牒	2
牟	2
牡	2
牽	2
犀	2
狀	2
狹	2
狼	2
猪	2
獅	2
獸	2
玖	2
玲	2
珀	2
珂	2
珈	2
珊	2
琉	2
琢	2
琥	2
琳	2
琵	2
琶	2
瑚	2
瑛	2
瑞	2
瑳	2
瑶	2
瓜	2
瓢	2
甥	2
甫	2
畠	2
畢	2
疊	2
疋	2
疏	2
瘦	2
皐	2
皓	2
盃	2
盜	2
盡	2
眞	2
眸	2
瞥	2
矩	2
砥	2
砦	2
砧	2
硯	2
碎	2
碓	2
碗	2
碧	2
碩	2
磐	2
磯	2
祁	2
祇	2
祐	2
祕	2
祢	2
祷	2
祿	2
禄	2
禎	2
禪	2
禮	2
禰	2
禱	2
禽	2
禾	2
秤	2
秦	2
稀	2
稔	2
稜	2
稟	2
稻	2
穗	2
穣	2
穰	2
穹	2
穿	2
窄	2
窪	2
窺	2
竣	2
竪	2
竺	2
竿	2
笈	2
笙	2
笠	2
笹	2
筈	2
筑	2
箔	2
箕	2
篇	2
篠	2
簞	2
簾	2
籾	2
粟	2
粥	2
粹	2
糊	2
紐	2
紗	2
紘	2
紬	2
絃	2
絆	2
絢	2
綜	2
綠	2
綴	2
綸	2
綺	2
綾	2
緋	2
緖	2
緣	2
縞	2
縣	2
縱	2
繡	2
繫	2
纂	2
纏	2
纖	2
羚	2
翔	2
翠	2
耀	2
而	2
耶	2
耽	2
聡	2
聽	2
肇	2
肋	2
肴	2
胡	2
胤	2
脩	2
脹	2
腔	2
膏	2
臟	2
臥	2
與	2
舜	2
舵	2
芙	2
芥	2
芦	2
芭	2
芹	2
苑	2
苔	2
苺	2
茄	2
茅	2
茉	2
茜	2
茸	2
荻	2
莉	2
莊	2
莞	2
莫	2
菅	2
菖	2
菩	2
菫	2
菱	2
萄	2
萊	2
萌	2
萠	2
萩	2
萬	2
萱	2
葡	2
董	2
葦	2
葵	2
葺	2
蒐	2
蒔	2
蒙	2
蒲	2
蒼	2
蓉	2
蓑	2
蓬	2
蓮	2
蔓	2
蔣	2
蔦	2
蔭	2
蕃	2
蕉	2
蕎	2
蕗	2
蕨	2
蕪	2
蕾	2
薗	2
薙	2
薩	2
薰	2
藁	2
藏	2
藝	2
藥	2
蘇	2
蘭	2
虛	2
蝦	2
蝶	2
螺	2
蟬	2
蟹	2
蠟	2
衞	2
衿	2
袈	2
袴	2
裝	2
裟	2
裡	2
裳	2
襖	2
覽	2
訊	2
訣	2
註	2
詢	2
詫	2
誼	2
諄	2
諏	2
諒	2
諺	2
謂	2
謠	2
讃	2
讓	2
豹	2
貰	2
賑	2
賣	2
賴	2
赳	2
跨	2
蹄	2
蹟	2
輔	2
輯	2
輿	2
轉	2
轟	2
辰	2
辻	2
辿	2
迂	2
迄	2
迦	2
迪	2
逗	2
這	2
逞	2
逢	2
遁	2
遙	2
遥	2
遼	2
邑	2
郁	2
郞	2
鄭	2
酉	2
醇	2
醉	2
醍	2
醐	2
醬	2
釀	2
釉	2
釘	2
釧	2
銑	2
鋒	2
鋸	2
錄	2
錆	2
錐	2
錘	2
錫	2
鍊	2
鍬	2
鎧	2
鎭	2
鑄	2
閃	2
閏	2
閤	2
阿	2
陀	2
陷	2
隈	2
險	2
隼	2
雀	2
雁	2
雛	2
雜	2
雫	2
霞	2
靖	2
靜	2
鞄	2
鞍	2
鞘	2
鞠	2
鞭	2
頁	2
頌	2
頗	2
顚	2
顯	2
颯	2
飜	2
饗	2
馨	2
馳	2
馴	2
駈	2
駕	2
駿	2
騷	2
驍	2
驗	2
髮	2
魁	2
魯	2
鮎	2
鯉	2
鯛	2
鰯	2
鱒	2
鱗	2
鳩	2
鳳	2
鳶	2
鴨	2
鴻	2
鵜	2
鵬	2
鷄	2
鷗	2
鷲	2
鷹	2
鷺	2
麒	2
麟	2
麿	2
黃	2
黎	2
黑	2
默	2
黛	2
鼎	2
齊	2
龍	2
欄	2
廊	2
朗	2
虜	2
類	2
猪	2
神	2
祥	2
福	2
諸	2
都	2
侮	2
僧	2
勉	2
勤	2
卑	2
嘆	2
器	2
墨	2
層	2
悔	2
憎	2
懲	2
敏	2
暑	2
梅	2
海	2
渚	2
漢	2
煮	2
琢	2
碑	2
社	2
祉	2
祈	2
祐	2
祖	2
祝	2
禍	2
禎	2
穀	2
突	2
節	2
練	2
繁	2
署	2
者	2
臭	2
著	2
視	2
謁	2
謹	2
賓	2
贈	2
逸	2
難	2
響	2
